Ticker,Type,GICS_Sector,GICS_SubIndustry
A,Equity,Health Care,Life Sciences Tools & Services
AAPL,Equity,Information Technology,"Technology Hardware, Storage & Peripherals"
ABBV,Equity,Health Care,Biotechnology
ABNB,Equity,Consumer Discretionary,"Hotels, Resorts & Cruise Lines"
ABT,Equity,Health Care,Health Care Equipment
ACGL,Equity,Financials,Property & Casualty Insurance
ACN,Equity,Information Technology,IT Consulting & Other Services
ADBE,Equity,Information Technology,Application Software
ADI,Equity,Information Technology,Semiconductors
ADM,Equity,Consumer Staples,Agricultural Products & Services
ADP,Equity,Industrials,Human Resource & Employment Services
ADSK,Equity,Information Technology,Application Software
AEE,Equity,Utilities,Multi-Utilities
AEP,Equity,Utilities,Electric Utilities
AES,Equity,Utilities,Independent Power Producers & Energy Traders
AFL,Equity,Financials,Life & Health Insurance
AIG,Equity,Financials,Multi-line Insurance
AIZ,Equity,Financials,Multi-line Insurance
AJG,Equity,Financials,Insurance Brokers
AKAM,Equity,Information Technology,Internet Services & Infrastructure
ALB,Equity,Materials,Specialty Chemicals
ALGN,Equity,Health Care,Health Care Supplies
ALL,Equity,Financials,Property & Casualty Insurance
ALLE,Equity,Industrials,Building Products
AMAT,Equity,Information Technology,Semiconductor Materials & Equipment
AMCR,Equity,Materials,Paper & Plastic Packaging Products & Materials
AMD,Equity,Information Technology,Semiconductors
AME,Equity,Industrials,Electrical Components & Equipment
AMGN,Equity,Health Care,Biotechnology
AMP,Equity,Financials,Asset Management & Custody Banks
AMT,Equity,Real Estate,Telecom Tower REITs
AMZN,Equity,Consumer Discretionary,Broadline Retail
ANET,Equity,Information Technology,Communications Equipment
AON,Equity,Financials,Insurance Brokers
AOS,Equity,Industrials,Building Products
APA,Equity,Energy,Oil & Gas Exploration & Production
APD,Equity,Materials,Industrial Gases
APH,Equity,Information Technology,Electronic Components
APO,Equity,Financials,Asset Management & Custody Banks
APP,Equity,Communication Services,Advertising
APTV,Equity,Consumer Discretionary,Automotive Parts & Equipment
ARE,Equity,Real Estate,Office REITs
ARES,Equity,Financials,Asset Management & Custody Banks
ATO,Equity,Utilities,Gas Utilities
AVGO,Equity,Information Technology,Semiconductors
AVY,Equity,Materials,Paper & Plastic Packaging Products & Materials
AWK,Equity,Utilities,Water Utilities
AXON,Equity,Industrials,Aerospace & Defense
AXP,Equity,Financials,Consumer Finance
AZO,Equity,Consumer Discretionary,Automotive Retail
BA,Equity,Industrials,Aerospace & Defense
BAC,Equity,Financials,Diversified Banks
BALL,Equity,Materials,"Metal, Glass & Plastic Containers"
BAX,Equity,Health Care,Health Care Equipment
BBY,Equity,Consumer Discretionary,Computer & Electronics Retail
BDX,Equity,Health Care,Health Care Equipment
BEN,Equity,Financials,Asset Management & Custody Banks
BF-B,Equity,Consumer Staples,Distillers & Vintners
BG,Equity,Consumer Staples,Agricultural Products & Services
BIIB,Equity,Health Care,Biotechnology
BKNG,Equity,Consumer Discretionary,"Hotels, Resorts & Cruise Lines"
BKR,Equity,Energy,Oil & Gas Equipment & Services
BLDR,Equity,Industrials,Building Products
BLK,Equity,Financials,Asset Management & Custody Banks
BMY,Equity,Health Care,Pharmaceuticals
BNY,Equity,Financials,Asset Management & Custody Banks
BR,Equity,Industrials,Data Processing & Outsourced Services
BRK-B,Equity,Financials,Multi-Sector Holdings
BRO,Equity,Financials,Insurance Brokers
BSX,Equity,Health Care,Health Care Equipment
BX,Equity,Financials,Asset Management & Custody Banks
BXP,Equity,Real Estate,Office REITs
C,Equity,Financials,Diversified Banks
CAH,Equity,Health Care,Health Care Distributors
CARR,Equity,Industrials,Building Products
CASY,Equity,Consumer Staples,Food Retail
CAT,Equity,Industrials,Construction Machinery & Heavy Transportation Equipment
CB,Equity,Financials,Property & Casualty Insurance
CBOE,Equity,Financials,Financial Exchanges & Data
CBRE,Equity,Real Estate,Real Estate Services
CCI,Equity,Real Estate,Telecom Tower REITs
CCL,Equity,Consumer Discretionary,"Hotels, Resorts & Cruise Lines"
CDNS,Equity,Information Technology,Application Software
CDW,Equity,Information Technology,Technology Distributors
CEG,Equity,Utilities,Electric Utilities
CF,Equity,Materials,Fertilizers & Agricultural Chemicals
CFG,Equity,Financials,Regional Banks
CHD,Equity,Consumer Staples,Household Products
CHRW,Equity,Industrials,Air Freight & Logistics
CHTR,Equity,Communication Services,Cable & Satellite
CI,Equity,Health Care,Health Care Services
CIEN,Equity,Information Technology,Communications Equipment
CINF,Equity,Financials,Property & Casualty Insurance
CL,Equity,Consumer Staples,Household Products
CLX,Equity,Consumer Staples,Household Products
CMCSA,Equity,Communication Services,Cable & Satellite
CME,Equity,Financials,Financial Exchanges & Data
CMG,Equity,Consumer Discretionary,Restaurants
CMI,Equity,Industrials,Construction Machinery & Heavy Transportation Equipment
CMS,Equity,Utilities,Multi-Utilities
CNC,Equity,Health Care,Managed Health Care
CNP,Equity,Utilities,Multi-Utilities
COF,Equity,Financials,Consumer Finance
COHR,Equity,Information Technology,Electronic Components
COIN,Equity,Financials,Financial Exchanges & Data
COO,Equity,Health Care,Health Care Supplies
COP,Equity,Energy,Oil & Gas Exploration & Production
COR,Equity,Health Care,Health Care Distributors
COST,Equity,Consumer Staples,Consumer Staples Merchandise Retail
CPAY,Equity,Financials,Transaction & Payment Processing Services
CPRT,Equity,Industrials,Diversified Support Services
CPT,Equity,Real Estate,Multi-Family Residential REITs
CRH,Equity,Materials,Construction Materials
CRL,Equity,Health Care,Life Sciences Tools & Services
CRM,Equity,Information Technology,Application Software
CRWD,Equity,Information Technology,Systems Software
CSCO,Equity,Information Technology,Communications Equipment
CSGP,Equity,Real Estate,Real Estate Services
CSX,Equity,Industrials,Rail Transportation
CTAS,Equity,Industrials,Diversified Support Services
CTSH,Equity,Information Technology,IT Consulting & Other Services
CTVA,Equity,Materials,Fertilizers & Agricultural Chemicals
CVNA,Equity,Consumer Discretionary,Automotive Retail
CVS,Equity,Health Care,Health Care Services
CVX,Equity,Energy,Integrated Oil & Gas
D,Equity,Utilities,Multi-Utilities
DAL,Equity,Industrials,Passenger Airlines
DASH,Equity,Consumer Discretionary,Specialized Consumer Services
DD,Equity,Industrials,Industrial Conglomerates
DDOG,Equity,Information Technology,Application Software
DE,Equity,Industrials,Agricultural & Farm Machinery
DECK,Equity,Consumer Discretionary,Footwear
DELL,Equity,Information Technology,"Technology Hardware, Storage & Peripherals"
DG,Equity,Consumer Staples,Consumer Staples Merchandise Retail
DGX,Equity,Health Care,Health Care Services
DHI,Equity,Consumer Discretionary,Homebuilding
DHR,Equity,Health Care,Life Sciences Tools & Services
DIS,Equity,Communication Services,Movies & Entertainment
DLR,Equity,Real Estate,Data Center REITs
DLTR,Equity,Consumer Staples,Consumer Staples Merchandise Retail
DOC,Equity,Real Estate,Health Care REITs
DOV,Equity,Industrials,Industrial Machinery & Supplies & Components
DOW,Equity,Materials,Commodity Chemicals
DPZ,Equity,Consumer Discretionary,Restaurants
DRI,Equity,Consumer Discretionary,Restaurants
DTE,Equity,Utilities,Multi-Utilities
DUK,Equity,Utilities,Electric Utilities
DVA,Equity,Health Care,Health Care Services
DVN,Equity,Energy,Oil & Gas Exploration & Production
DXCM,Equity,Health Care,Health Care Equipment
EBAY,Equity,Consumer Discretionary,Broadline Retail
ECHO,Equity,Communication Services,Wireless Telecommunication Services
ECL,Equity,Materials,Specialty Chemicals
ED,Equity,Utilities,Multi-Utilities
EFX,Equity,Industrials,Research & Consulting Services
EG,Equity,Financials,Reinsurance
EIX,Equity,Utilities,Electric Utilities
EL,Equity,Consumer Staples,Personal Care Products
ELV,Equity,Health Care,Managed Health Care
EME,Equity,Industrials,Construction & Engineering
EMR,Equity,Industrials,Electrical Components & Equipment
EOG,Equity,Energy,Oil & Gas Exploration & Production
EQIX,Equity,Real Estate,Data Center REITs
EQT,Equity,Energy,Oil & Gas Exploration & Production
ERIE,Equity,Financials,Insurance Brokers
ES,Equity,Utilities,Electric Utilities
ESS,Equity,Real Estate,Multi-Family Residential REITs
ETN,Equity,Industrials,Electrical Components & Equipment
ETR,Equity,Utilities,Electric Utilities
EVRG,Equity,Utilities,Electric Utilities
EW,Equity,Health Care,Health Care Equipment
EXC,Equity,Utilities,Electric Utilities
EXE,Equity,Energy,Oil & Gas Exploration & Production
EXPD,Equity,Industrials,Air Freight & Logistics
EXPE,Equity,Consumer Discretionary,"Hotels, Resorts & Cruise Lines"
EXR,Equity,Real Estate,Self-Storage REITs
F,Equity,Consumer Discretionary,Automobile Manufacturers
FANG,Equity,Energy,Oil & Gas Exploration & Production
FAST,Equity,Industrials,Trading Companies & Distributors
FCX,Equity,Materials,Copper
FDS,Equity,Financials,Financial Exchanges & Data
FDX,Equity,Industrials,Air Freight & Logistics
FDXF,Equity,Industrials,Cargo Ground Transportation
FE,Equity,Utilities,Electric Utilities
FERG,Equity,Industrials,Building Products
FFIV,Equity,Information Technology,Communications Equipment
FICO,Equity,Information Technology,Application Software
FIS,Equity,Financials,Transaction & Payment Processing Services
FISV,Equity,Financials,Transaction & Payment Processing Services
FITB,Equity,Financials,Regional Banks
FIX,Equity,Industrials,Construction & Engineering
FLEX,Equity,Information Technology,Electronic Manufacturing Services
FOX,Equity,Communication Services,Broadcasting
FOXA,Equity,Communication Services,Broadcasting
FRT,Equity,Real Estate,Retail REITs
FSLR,Equity,Information Technology,Semiconductors
FTNT,Equity,Information Technology,Systems Software
FTV,Equity,Industrials,Industrial Machinery & Supplies & Components
GD,Equity,Industrials,Aerospace & Defense
GDDY,Equity,Information Technology,Internet Services & Infrastructure
GE,Equity,Industrials,Aerospace & Defense
GEHC,Equity,Health Care,Health Care Equipment
GEN,Equity,Information Technology,Systems Software
GEV,Equity,Industrials,Heavy Electrical Equipment
GILD,Equity,Health Care,Biotechnology
GIS,Equity,Consumer Staples,Packaged Foods & Meats
GL,Equity,Financials,Life & Health Insurance
GLW,Equity,Information Technology,Electronic Components
GM,Equity,Consumer Discretionary,Automobile Manufacturers
GNRC,Equity,Industrials,Heavy Electrical Equipment
GOOG,Equity,Communication Services,Interactive Media & Services
GOOGL,Equity,Communication Services,Interactive Media & Services
GPC,Equity,Consumer Discretionary,Distributors
GPN,Equity,Financials,Transaction & Payment Processing Services
GRMN,Equity,Consumer Discretionary,Consumer Electronics
GS,Equity,Financials,Investment Banking & Brokerage
GWW,Equity,Industrials,Industrial Machinery & Supplies & Components
HAL,Equity,Energy,Oil & Gas Equipment & Services
HAS,Equity,Consumer Discretionary,Leisure Products
HBAN,Equity,Financials,Regional Banks
HCA,Equity,Health Care,Health Care Facilities
HD,Equity,Consumer Discretionary,Home Improvement Retail
HIG,Equity,Financials,Property & Casualty Insurance
HII,Equity,Industrials,Aerospace & Defense
HLT,Equity,Consumer Discretionary,"Hotels, Resorts & Cruise Lines"
HON,Equity,Industrials,Industrial Conglomerates
HONA,Equity,Industrials,Aerospace & Defense
HOOD,Equity,Financials,Investment Banking & Brokerage
HPE,Equity,Information Technology,"Technology Hardware, Storage & Peripherals"
HPQ,Equity,Information Technology,"Technology Hardware, Storage & Peripherals"
HRL,Equity,Consumer Staples,Packaged Foods & Meats
HSIC,Equity,Health Care,Health Care Distributors
HST,Equity,Real Estate,Hotel & Resort REITs
HSY,Equity,Consumer Staples,Packaged Foods & Meats
HUBB,Equity,Industrials,Industrial Machinery & Supplies & Components
HUM,Equity,Health Care,Managed Health Care
HWM,Equity,Industrials,Aerospace & Defense
IBKR,Equity,Financials,Investment Banking & Brokerage
IBM,Equity,Information Technology,IT Consulting & Other Services
ICE,Equity,Financials,Financial Exchanges & Data
IDXX,Equity,Health Care,Health Care Equipment
IEX,Equity,Industrials,Industrial Machinery & Supplies & Components
IFF,Equity,Materials,Specialty Chemicals
INCY,Equity,Health Care,Biotechnology
INTC,Equity,Information Technology,Semiconductors
INTU,Equity,Information Technology,Application Software
INVH,Equity,Real Estate,Single-Family Residential REITs
IP,Equity,Materials,Paper & Plastic Packaging Products & Materials
IQV,Equity,Health Care,Life Sciences Tools & Services
IR,Equity,Industrials,Industrial Machinery & Supplies & Components
IRM,Equity,Real Estate,Other Specialized REITs
ISRG,Equity,Health Care,Health Care Equipment
IT,Equity,Information Technology,IT Consulting & Other Services
ITW,Equity,Industrials,Industrial Machinery & Supplies & Components
IVZ,Equity,Financials,Asset Management & Custody Banks
J,Equity,Industrials,Construction & Engineering
JBHT,Equity,Industrials,Cargo Ground Transportation
JBL,Equity,Information Technology,Electronic Manufacturing Services
JCI,Equity,Industrials,Building Products
JKHY,Equity,Financials,Transaction & Payment Processing Services
JNJ,Equity,Health Care,Pharmaceuticals
JPM,Equity,Financials,Diversified Banks
KDP,Equity,Consumer Staples,Soft Drinks & Non-alcoholic Beverages
KEY,Equity,Financials,Regional Banks
KEYS,Equity,Information Technology,Electronic Equipment & Instruments
KHC,Equity,Consumer Staples,Packaged Foods & Meats
KIM,Equity,Real Estate,Retail REITs
KKR,Equity,Financials,Asset Management & Custody Banks
KLAC,Equity,Information Technology,Semiconductor Materials & Equipment
KMB,Equity,Consumer Staples,Household Products
KMI,Equity,Energy,Oil & Gas Storage & Transportation
KO,Equity,Consumer Staples,Soft Drinks & Non-alcoholic Beverages
KR,Equity,Consumer Staples,Food Retail
KVUE,Equity,Consumer Staples,Personal Care Products
L,Equity,Financials,Multi-line Insurance
LDOS,Equity,Industrials,Diversified Support Services
LEN,Equity,Consumer Discretionary,Homebuilding
LH,Equity,Health Care,Health Care Services
LHX,Equity,Industrials,Aerospace & Defense
LII,Equity,Industrials,Building Products
LIN,Equity,Materials,Industrial Gases
LITE,Equity,Information Technology,Communications Equipment
LLY,Equity,Health Care,Pharmaceuticals
LMT,Equity,Industrials,Aerospace & Defense
LNT,Equity,Utilities,Electric Utilities
LOW,Equity,Consumer Discretionary,Home Improvement Retail
LRCX,Equity,Information Technology,Semiconductor Materials & Equipment
LULU,Equity,Consumer Discretionary,"Apparel, Accessories & Luxury Goods"
LUV,Equity,Industrials,Passenger Airlines
LVS,Equity,Consumer Discretionary,Casinos & Gaming
LYB,Equity,Materials,Specialty Chemicals
LYV,Equity,Communication Services,Movies & Entertainment
MA,Equity,Financials,Transaction & Payment Processing Services
MAA,Equity,Real Estate,Multi-Family Residential REITs
MAR,Equity,Consumer Discretionary,"Hotels, Resorts & Cruise Lines"
MAS,Equity,Industrials,Building Products
MCD,Equity,Consumer Discretionary,Restaurants
MCHP,Equity,Information Technology,Semiconductors
MCK,Equity,Health Care,Health Care Distributors
MCO,Equity,Financials,Financial Exchanges & Data
MDLZ,Equity,Consumer Staples,Packaged Foods & Meats
MDT,Equity,Health Care,Health Care Equipment
MET,Equity,Financials,Life & Health Insurance
META,Equity,Communication Services,Interactive Media & Services
MGM,Equity,Consumer Discretionary,Casinos & Gaming
MKC,Equity,Consumer Staples,Packaged Foods & Meats
MLM,Equity,Materials,Construction Materials
MMM,Equity,Industrials,Industrial Conglomerates
MNST,Equity,Consumer Staples,Soft Drinks & Non-alcoholic Beverages
MO,Equity,Consumer Staples,Tobacco
MOS,Equity,Materials,Fertilizers & Agricultural Chemicals
MPC,Equity,Energy,Oil & Gas Refining & Marketing
MPWR,Equity,Information Technology,Semiconductors
MRK,Equity,Health Care,Pharmaceuticals
MRNA,Equity,Health Care,Biotechnology
MRSH,Equity,Financials,Insurance Brokers
MRVL,Equity,Information Technology,Semiconductors
MS,Equity,Financials,Investment Banking & Brokerage
MSCI,Equity,Financials,Financial Exchanges & Data
MSFT,Equity,Information Technology,Systems Software
MSI,Equity,Information Technology,Communications Equipment
MTB,Equity,Financials,Regional Banks
MTD,Equity,Health Care,Life Sciences Tools & Services
MU,Equity,Information Technology,Semiconductors
NCLH,Equity,Consumer Discretionary,"Hotels, Resorts & Cruise Lines"
NDAQ,Equity,Financials,Financial Exchanges & Data
NDSN,Equity,Industrials,Industrial Machinery & Supplies & Components
NEE,Equity,Utilities,Multi-Utilities
NEM,Equity,Materials,Gold
NFLX,Equity,Communication Services,Movies & Entertainment
NI,Equity,Utilities,Multi-Utilities
NKE,Equity,Consumer Discretionary,"Apparel, Accessories & Luxury Goods"
NOC,Equity,Industrials,Aerospace & Defense
NOW,Equity,Information Technology,Systems Software
NRG,Equity,Utilities,Independent Power Producers & Energy Traders
NSC,Equity,Industrials,Rail Transportation
NTAP,Equity,Information Technology,"Technology Hardware, Storage & Peripherals"
NTRS,Equity,Financials,Asset Management & Custody Banks
NUE,Equity,Materials,Steel
NVDA,Equity,Information Technology,Semiconductors
NVR,Equity,Consumer Discretionary,Homebuilding
NWS,Equity,Communication Services,Publishing
NWSA,Equity,Communication Services,Publishing
NXPI,Equity,Information Technology,Semiconductors
O,Equity,Real Estate,Retail REITs
ODFL,Equity,Industrials,Cargo Ground Transportation
OKE,Equity,Energy,Oil & Gas Storage & Transportation
OMC,Equity,Communication Services,Advertising
ON,Equity,Information Technology,Semiconductors
ORCL,Equity,Information Technology,Application Software
ORLY,Equity,Consumer Discretionary,Automotive Retail
OTIS,Equity,Industrials,Industrial Machinery & Supplies & Components
OXY,Equity,Energy,Oil & Gas Exploration & Production
PANW,Equity,Information Technology,Systems Software
PAYX,Equity,Industrials,Human Resource & Employment Services
PCAR,Equity,Industrials,Construction Machinery & Heavy Transportation Equipment
PCG,Equity,Utilities,Multi-Utilities
PEG,Equity,Utilities,Electric Utilities
PEP,Equity,Consumer Staples,Soft Drinks & Non-alcoholic Beverages
PFE,Equity,Health Care,Pharmaceuticals
PFG,Equity,Financials,Life & Health Insurance
PG,Equity,Consumer Staples,Personal Care Products
PGR,Equity,Financials,Property & Casualty Insurance
PH,Equity,Industrials,Industrial Machinery & Supplies & Components
PHM,Equity,Consumer Discretionary,Homebuilding
PKG,Equity,Materials,Paper & Plastic Packaging Products & Materials
PLD,Equity,Real Estate,Industrial REITs
PLTR,Equity,Information Technology,Application Software
PM,Equity,Consumer Staples,Tobacco
PNC,Equity,Financials,Diversified Banks
PNR,Equity,Industrials,Industrial Machinery & Supplies & Components
PNW,Equity,Utilities,Multi-Utilities
PODD,Equity,Health Care,Health Care Equipment
PPG,Equity,Materials,Specialty Chemicals
PPL,Equity,Utilities,Electric Utilities
PRU,Equity,Financials,Life & Health Insurance
PSA,Equity,Real Estate,Self-Storage REITs
PSKY,Equity,Communication Services,Movies & Entertainment
PSX,Equity,Energy,Oil & Gas Refining & Marketing
PTC,Equity,Information Technology,Application Software
PWR,Equity,Industrials,Construction & Engineering
PYPL,Equity,Financials,Transaction & Payment Processing Services
Q,Equity,Information Technology,Semiconductor Materials & Equipment
QCOM,Equity,Information Technology,Semiconductors
RCL,Equity,Consumer Discretionary,"Hotels, Resorts & Cruise Lines"
RDDT,Equity,Communication Services,Interactive Media & Services
REG,Equity,Real Estate,Retail REITs
REGN,Equity,Health Care,Biotechnology
RF,Equity,Financials,Regional Banks
RJF,Equity,Financials,Investment Banking & Brokerage
RL,Equity,Consumer Discretionary,"Apparel, Accessories & Luxury Goods"
RMD,Equity,Health Care,Health Care Equipment
ROK,Equity,Industrials,Electrical Components & Equipment
ROL,Equity,Industrials,Environmental & Facilities Services
ROP,Equity,Information Technology,Electronic Equipment & Instruments
ROST,Equity,Consumer Discretionary,Apparel Retail
RSG,Equity,Industrials,Environmental & Facilities Services
RTX,Equity,Industrials,Aerospace & Defense
RVTY,Equity,Health Care,Health Care Equipment
SBAC,Equity,Real Estate,Telecom Tower REITs
SBUX,Equity,Consumer Discretionary,Restaurants
SCHW,Equity,Financials,Investment Banking & Brokerage
SHW,Equity,Materials,Specialty Chemicals
SJM,Equity,Consumer Staples,Packaged Foods & Meats
SLB,Equity,Energy,Oil & Gas Equipment & Services
SMCI,Equity,Information Technology,"Technology Hardware, Storage & Peripherals"
SNA,Equity,Industrials,Industrial Machinery & Supplies & Components
SNDK,Equity,Information Technology,"Technology Hardware, Storage & Peripherals"
SNPS,Equity,Information Technology,Application Software
SO,Equity,Utilities,Electric Utilities
SOLV,Equity,Health Care,Health Care Technology
SPG,Equity,Real Estate,Retail REITs
SPGI,Equity,Financials,Financial Exchanges & Data
SPY,Equity,Broad Market Index,Large Cap Blend
SRE,Equity,Utilities,Multi-Utilities
STE,Equity,Health Care,Health Care Equipment
STLD,Equity,Materials,Steel
STT,Equity,Financials,Asset Management & Custody Banks
STX,Equity,Information Technology,"Technology Hardware, Storage & Peripherals"
STZ,Equity,Consumer Staples,Distillers & Vintners
SW,Equity,Materials,Paper & Plastic Packaging Products & Materials
SWK,Equity,Industrials,Industrial Machinery & Supplies & Components
SWKS,Equity,Information Technology,Semiconductors
SYF,Equity,Financials,Consumer Finance
SYK,Equity,Health Care,Health Care Equipment
SYY,Equity,Consumer Staples,Food Distributors
T,Equity,Communication Services,Integrated Telecommunication Services
TAP,Equity,Consumer Staples,Brewers
TDG,Equity,Industrials,Aerospace & Defense
TDY,Equity,Information Technology,Electronic Equipment & Instruments
TECH,Equity,Health Care,Life Sciences Tools & Services
TEL,Equity,Information Technology,Electronic Manufacturing Services
TER,Equity,Information Technology,Semiconductor Materials & Equipment
TFC,Equity,Financials,Diversified Banks
TGT,Equity,Consumer Staples,Consumer Staples Merchandise Retail
TJX,Equity,Consumer Discretionary,Apparel Retail
TKO,Equity,Communication Services,Movies & Entertainment
TMO,Equity,Health Care,Life Sciences Tools & Services
TMUS,Equity,Communication Services,Wireless Telecommunication Services
TPL,Equity,Energy,Oil & Gas Exploration & Production
TPR,Equity,Consumer Discretionary,"Apparel, Accessories & Luxury Goods"
TRGP,Equity,Energy,Oil & Gas Storage & Transportation
TRMB,Equity,Information Technology,Application Software
TROW,Equity,Financials,Asset Management & Custody Banks
TRV,Equity,Financials,Property & Casualty Insurance
TSCO,Equity,Consumer Discretionary,Other Specialty Retail
TSLA,Equity,Consumer Discretionary,Automobile Manufacturers
TSN,Equity,Consumer Staples,Packaged Foods & Meats
TT,Equity,Industrials,Building Products
TTD,Equity,Communication Services,Advertising
TTWO,Equity,Communication Services,Interactive Home Entertainment
TXN,Equity,Information Technology,Semiconductors
TXT,Equity,Industrials,Aerospace & Defense
TYL,Equity,Information Technology,Application Software
UAL,Equity,Industrials,Passenger Airlines
UBER,Equity,Industrials,Passenger Ground Transportation
UDR,Equity,Real Estate,Multi-Family Residential REITs
UHS,Equity,Health Care,Health Care Facilities
ULTA,Equity,Consumer Discretionary,Other Specialty Retail
UNH,Equity,Health Care,Managed Health Care
UNP,Equity,Industrials,Rail Transportation
UPS,Equity,Industrials,Air Freight & Logistics
URI,Equity,Industrials,Trading Companies & Distributors
USB,Equity,Financials,Diversified Banks
V,Equity,Financials,Transaction & Payment Processing Services
VEEV,Equity,Health Care,Health Care Technology
VICI,Equity,Real Estate,Hotel & Resort REITs
VLO,Equity,Energy,Oil & Gas Refining & Marketing
VLTO,Equity,Industrials,Environmental & Facilities Services
VMC,Equity,Materials,Construction Materials
VMRK,Equity,Real Estate,Multi-Family Residential REITs
VRSK,Equity,Industrials,Research & Consulting Services
VRSN,Equity,Information Technology,Internet Services & Infrastructure
VRT,Equity,Industrials,Electrical Components & Equipment
VRTX,Equity,Health Care,Biotechnology
VST,Equity,Utilities,Electric Utilities
VTR,Equity,Real Estate,Health Care REITs
VTRS,Equity,Health Care,Pharmaceuticals
VZ,Equity,Communication Services,Integrated Telecommunication Services
WAB,Equity,Industrials,Construction Machinery & Heavy Transportation Equipment
WAT,Equity,Health Care,Life Sciences Tools & Services
WBD,Equity,Communication Services,Broadcasting
WDAY,Equity,Information Technology,Application Software
WDC,Equity,Information Technology,"Technology Hardware, Storage & Peripherals"
WEC,Equity,Utilities,Electric Utilities
WELL,Equity,Real Estate,Health Care REITs
WFC,Equity,Financials,Diversified Banks
WM,Equity,Industrials,Environmental & Facilities Services
WMB,Equity,Energy,Oil & Gas Storage & Transportation
WMT,Equity,Consumer Staples,Consumer Staples Merchandise Retail
WRB,Equity,Financials,Property & Casualty Insurance
WSM,Equity,Consumer Discretionary,Homefurnishing Retail
WST,Equity,Health Care,Health Care Supplies
WTW,Equity,Financials,Insurance Brokers
WY,Equity,Real Estate,Timber REITs
WYNN,Equity,Consumer Discretionary,Casinos & Gaming
XEL,Equity,Utilities,Multi-Utilities
XOM,Equity,Energy,Integrated Oil & Gas
XYL,Equity,Industrials,Industrial Machinery & Supplies & Components
XYZ,Equity,Financials,Transaction & Payment Processing Services
YUM,Equity,Consumer Discretionary,Restaurants
ZBH,Equity,Health Care,Health Care Equipment
ZBRA,Equity,Information Technology,Electronic Equipment & Instruments
ZTS,Equity,Health Care,Pharmaceuticals
CL=F,Macro,Macro,Macro
^TNX,Macro,Macro,Macro
^VIX,Macro,Macro,Macro
GLD,Safe Haven,Safe Haven,Safe Haven
IEF,Safe Haven,Safe Haven,Safe Haven
TLT,Safe Haven,Safe Haven,Safe Haven
